{"cameraMode":{"drawMode":0,"name":"Shaded","section":"Shading Mode"},"sceneLighting":true,"audioPlay":false,"sceneViewState":{"m_AlwaysRefresh":false,"showFog":true,"showSkybox":true,"showFlares":true,"showImageEffects":true,"showParticleSystems":true,"showVisualEffectGraphs":true,"m_FxEnabled":true},"in2DMode":false,"pivot":{"x":-0.8787997961044312,"y":-1.5127410888671876,"z":-4.6959710121154789},"rotation":{"x":0.14652635157108308,"y":-0.057838115841150287,"z":0.008582212030887604,"w":0.9874779582023621},"size":5.157672882080078,"orthographic":false}